{"training_accuracy":0.9028941867,"test_accuracy":0.8819332566,"classification_report_test":{"0":{"precision":0.8600736454,"recall":0.9322879544,"f1-score":0.8947260415,"support":7015.0},"1":{"precision":0.9125391272,"recall":0.823255814,"f1-score":0.8656012575,"support":6020.0},"accuracy":0.8819332566,"macro avg":{"precision":0.8863063863,"recall":0.8777718842,"f1-score":0.8801636495,"support":13035.0},"weighted avg":{"precision":0.8843039638,"recall":0.8819332566,"f1-score":0.8812752398,"support":13035.0}}}